YDA05BA0399,silibinin,vial,A05BA03,silibinin.1,Normal,Unnamed: 6,Unnamed: 7,Unnamed: 8,Halk Sağlığı Genel Müdürlüğü tarafından temin edilmek üzere eklenmiştir.
YDV03AB9999,"(RS)-2,3-bis(sulphanyl)propane-1-sulphonic acid, sodium salt-monohydrate",capsule,V03AB,antidotes,Normal,1.0,,,
YDN07XX0599,"3,4- diaminopyridine",tablet,N07XX05,amifampridine ,Normal,,G70.2;G73.1,Konjenital ve gelişimsel miyastenia;Eaton-Lambert sendromu ,"1-KONJENİTAL MYASTENİA TEDAVİSİNDE KULLANILIR. 
2-EATON LAMBERT SENDROMU TEDAVİSİNDE KULLANILIR."
YDB05AA0699,4% succinylated gelatine,vial,B05AA06,gelatin agents ,Normal,,,,
YDL01XD0499,5-aminolevulinic acid,oral solution,L01XD04,aminolevulinic acid,Normal,,,,
YDD05BA0299,8-methoxypsoralen,vial,D05BA02,methoxsalen,Normal,1.0,,,
YDA05AA0399,acide cholique,capsule,A05AA03,cholic acid ,Normal,1.0,,,
YDN06DX0399,aducanumab,vial,N06DX03,aducanumab,Normal,1.0,,,
YDC01BA0599,ajmaline,vial,C01BA05,ajmaline,Normal,,,,
YDL01CD9999,albumin bound paclitaxel,vial,L01CD,taxanes,Normal,,,,
YDA16AB0799,alglucosidase alfa,vial,A16AB07,alglucosidase alfa,Normal,,E74.0,Glikojen depo hastalıkları,POMPE HASTALIĞI'NDA (1-4 ALFA GLUKOSİDAZ ENZİM EKSİKLİĞİ'NDE) KULLANILIR.
YDC01EA0199,alprostadil (prostaglandin e1),urethral stick,C01EA01,alprostadil,Normal,,N52;N48,Erektil Disfonksiyon;Penisin diğer bozuklukları,"EREKTİL DİSFONKSİYON HASTALARININ TEDAVİSİNDE KULLANILIR
KALP CERRAHİSİNDE KULLANILMAK ÜZERE TEMİN EDİLMEK İSTENDİĞİNDE KURUMUMUZDAN ONAY ALINMASI GEREKMEKTEDİR.."
YDN04BB0199,amantadine hydrochloride,tablet,N04BB01,amantadine ,Normal,1.0,,,
YDN07AA3099,ambenonium chloride,tablet,N07AA30,ambenonium,Normal,,,,
YDJ01GB0699,amikacin liposomal,inhalation solution,J01GB06,amikacin,Normal,,,,
YDC03DB0199,amiloride,tablet,C03DB01,amiloride,Normal,,,,
YDD11AX9999,aminobenzoate potassium,"capsule, powder",D11AX,other dermatologicals,Normal,,N48.6;N48.8,Balanit kserotika obliterans;Penisin diğer tanımlanmış bozuklukları,"AKTİF PEYRONİE HASTALIĞI OLAN, HASTALIK SÜRESİ 2 YILIN ALTINDAKİ DEVİASYONLU HASTALARIN TEDAVİSİNDE KULLANILIR."
YDL01FX1899,amivantamab,vial,L01FX18,amivantamab,Normal,1.0,,,
YDN06BA0199,"amphetamine, dextroamphetamine mixed salts","tablet, capsul",N06BA01,amfetamine,Kırmızı,1.0,,,
YDL01XX0199,amsacrine,vial,L01XX01,amsacrine,Normal,,C92.0;C91.0,Akut myeloid lösemi;Akut lenfoblastik lösemi,"1-AKUT MYELOSİTER (MYELOİD) LÖSEMİ HASTALARININ TEDAVİSİNDE KULLANILIR.
2-AKUT LENFOBLASTİK LÖSEMİ, HASTALARININ TEDAVİSİNDE KULLANILIR."
YDG03BB0299,androstanolone,gel,G03BB02,androstanolone ,Normal,,Q55;Q56.4;E29.1;E29.8;E29.9,"Erkek genital organlarının diğer konjenital malformasyonları;Ambiguous Genitalia;Testiküler Hipofonksiyon;Testiküler fonksiyon bozukluğu, diğer;Testiküler fonksiyon bozukluğu, tanımlanmamış","MİKROPENİS, AMBİGUOUS GENİTALİA, 5-ALFA REDÜKTAZ ENZİM EKSİKLİĞİ, TESTİKÜLER HİPOFONKSİYON TEDAVİSİNDE KULLANILIR."
YDS01AE0399,apraclonidine hydrochloride,eye drop,S01AE03,apraclonidine,Normal,,,,
YDB05XB0199,arginine hydrochloride,vial,B05XB01,arginine hydrochloride,Normal,,"Üre siklus metabolizması bozuklukları;Metabolik bozukluklar, diğer",E72.2;E88,"1-ÜRE SIKLUS BOZUKLUKLARI OLAN HASTALARIN TEDAVİSİNDE KULLANILIR.
2-MELAS SENDROMU OLAN HASTALARIN TEDAVİSİNDE KULLANILIR."
YDP01BF0199,artemether and lumefantrine,tablet,P01BF01,artemether and lumefantrine,Normal,,,,
YDP01BE0399,artesunate,vial,P01BE03,artesunate,Normal,,,,
YDN05AH0599,asenapine,sublingual tablet,N05AH05,asenapine ,Yeşil,1.0,,,
YDA16AB1399,asfotase alfa,vial,A16AB13,asfotase alfa,Normal,1.0,,,
YDL01XX0299,asparaginase erwinia chrysanthemi,vial,L01XX02,asparaginase,Normal,1.0,,,
YDM09AX0399,ataluren,granules for oral suspension,M09AX03,ataluren,Normal,1.0,,,
YDP01AX0699,atovaquone,oral solution,P01AX06, atovaquone,Normal,,,,
YDP01BB5199,atovaquone and proguanil hydrochloride,tablet,P01BB51,"proguanil, combinations ",Normal,,,,Plasmodium falciparum sıtması profilaksisi ve tedavisi. Pnömosistis jirovecii pnömonisi profilaksisi ve tedavisi 
YDA03BA0199,atropine sulfate,eye drop,A03BA01,atropine,Normal,1.0,,,
YDL01EX1899,avapritinib,tablet,L01EX18,avapritinib ,Normal,1.0,,,
YDB02BX0899,avatrombopag,tablet,B02BX08,avatrombopag,Normal,1.0,,,
YDL03AX0399,bacillus calmette-guerin(bcg) strains,vaccine (injection),L03AX03,BCG vaccine,Normal,,C67,Malign mesane neoplazmı,"MESANE KANSERİ TANISINDA:
A) BAŞLANGIÇ TEDAVİSİ:
• AMELİYAT VEYA TUR(TRANSURETRAL REZEKSİYON) DAN EN AZ 15 GÜN SONRA BAŞLAMAK VE EN AZ 7 (YEDİ) GÜN ARAYLA 1 (BİR) DOZ* UYGULAMAK KOŞULU İLE TOPLAMDA 6 UYGULAMADAN OLUŞUR.
B) İDAME TEDAVİSİ:
• BAŞLANGIÇ TEDAVİSİNİ ALMIŞ HASTALARDA AMELİYAT VEYA TUR(TRANSURETRAL REZEKSİYON)  TARİHİNDEN SONRAKİ 3. (ÜÇÜNCÜ), 6. (ALTINCI), 12. (ONİKİNCİ), 18.(ONSEKİZİNCİ), 24.(YİRMİDÖRDÜNCÜ), 30. (OTUZUNCU) VE 36. (OTUZALTINCI) AYLARINDA UYGULANIR. BU KAPSAMDA UYGULANACAK AYLIK TEDAVİLERDE HER AY İÇİN EN AZ 7 (YEDİ) GÜN ARAYLA UYGULAMAK KOŞULU İLE 3’ER DOZLUK* UYGULAMALARDAN OLUŞUR.
C) DAHA ÖNCE İLAÇ(BCG) TEDAVİSİ ALAN VE HERHANGİ BİR ZAMANDA HASTALIĞI NÜKS EDEN HASTALARDA TEKRAR AMELİYAT OLUP OLMADIĞINA BAKILMAKSIZIN (A) MADDESİNDE BELİRTİLEN BAŞLANGIÇ TEDAVİSİ, SONRASINDA İSE (B) MADDESİNDE BELİRTİLEN İDAME TEDAVİSİ UYGULANABİLİR.
* *  HAFTALIK TEDAVİDEKİ 1 (BİR) DOZ İÇİN ESAS ALINACAK FLAKON SAYISI;İLGİLİ İLACIN KÜB'ÜNDE BELİRTİLEN POZOLOJİ BÖLÜMÜNDE YER ALAN BİLGİLERE GÖRE HASTANIN HEKİMİ TARAFINDAN BELİRLENİR."
YDL03AX0398,"bacillus calmette-guerin(bcg), danish strain 1331",vaccine (injection),L03AX03,BCG vaccine,Normal,,C67,Malign mesane neoplazmı,"MESANE KANSERİ TANISINDA:
A) BAŞLANGIÇ TEDAVİSİ:
• AMELİYAT VEYA TUR(TRANSURETRAL REZEKSİYON) DAN EN AZ 15 GÜN SONRA BAŞLAMAK VE EN AZ 7 (YEDİ) GÜN ARAYLA 1 (BİR) DOZ* UYGULAMAK KOŞULU İLE TOPLAMDA 6 UYGULAMADAN OLUŞUR.
B) İDAME TEDAVİSİ:
• BAŞLANGIÇ TEDAVİSİNİ ALMIŞ HASTALARDA AMELİYAT VEYA TUR(TRANSURETRAL REZEKSİYON)  TARİHİNDEN SONRAKİ 3. (ÜÇÜNCÜ), 6. (ALTINCI), 12. (ONİKİNCİ), 18.(ONSEKİZİNCİ), 24.(YİRMİDÖRDÜNCÜ), 30. (OTUZUNCU) VE 36. (OTUZALTINCI) AYLARINDA UYGULANIR. BU KAPSAMDA UYGULANACAK AYLIK TEDAVİLERDE HER AY İÇİN EN AZ 7 (YEDİ) GÜN ARAYLA UYGULAMAK KOŞULU İLE 3’ER DOZLUK* UYGULAMALARDAN OLUŞUR.
C) DAHA ÖNCE İLAÇ(BCG) TEDAVİSİ ALAN VE HERHANGİ BİR ZAMANDA HASTALIĞI NÜKS EDEN HASTALARDA TEKRAR AMELİYAT OLUP OLMADIĞINA BAKILMAKSIZIN (A) MADDESİNDE BELİRTİLEN BAŞLANGIÇ TEDAVİSİ, SONRASINDA İSE (B) MADDESİNDE BELİRTİLEN İDAME TEDAVİSİ UYGULANABİLİR.
* *  HAFTALIK TEDAVİDEKİ 1 (BİR) DOZ İÇİN ESAS ALINACAK FLAKON SAYISI;İLGİLİ İLACIN KÜB'ÜNDE BELİRTİLEN POZOLOJİ BÖLÜMÜNDE YER ALAN BİLGİLERE GÖRE HASTANIN HEKİMİ TARAFINDAN BELİRLENİR."
YDV08BA0299,barium sulfate,oral suspension,V08BA02,barium sulfate without suspending agents,Normal,,,,
YDL01XC3999,belantamab mafodotin,vial,L01XC39,belantamab mafodotin,Normal,1.0,,,
YDL01XX4999,belinostat,vial,L01XX49,belinostat,Normal,,,,
YDL04AA4899,belumosidil,tablet,L04AA48,belumosudil,Normal,1.0,,,
YDL01XX7499,belzutifan,tablet,L01XX74,belzutifan,Normal,1.0,,,
YDA16AA0699,betaine anhydrous,oral solution,A16AA06,betaine,Normal,,E72,"Amino-asit metabolizmasının
 diğer bozuklukları","1- KOBALAMİN KOFAKTÖR METABOLİZMA EKSİKLİĞİ OLAN,HOMOSİSTİNÜRİ
HASTALARININ TEDAVİSİNDE KULLANILIR.
2- SİSTATİYON B-SENTAZ EKSİKLİĞİ OLAN,HOMOSİSTİNÜRİ
HASTALARININ TEDAVİSİNDE KULLANILIR.
3- 5,10 METİL TETRAHİDRO FOLAT REDÜKTAZ EKSİKLİĞİ OLAN HOMOSİSTİNÜRİ
HASTALARININ TEDAVİSİNDE KULLANILIR."
YDA16AA0696,betaine anhydrous,powder,A16AA06,betaine,Normal,,E72,"Amino-asit metabolizmasının
 diğer bozuklukları","1- KOBALAMİN KOFAKTÖR METABOLİZMA EKSİKLİĞİ OLAN,HOMOSİSTİNÜRİ
HASTALARININ TEDAVİSİNDE KULLANILIR.
2- SİSTATİYON B-SENTAZ EKSİKLİĞİ OLAN,HOMOSİSTİNÜRİ
HASTALARININ TEDAVİSİNDE KULLANILIR.
3- 5,10 METİL TETRAHİDRO FOLAT REDÜKTAZ EKSİKLİĞİ OLAN HOMOSİSTİNÜRİ
HASTALARININ TEDAVİSİNDE KULLANILIR."
YDA16AA0698,betaine hydrochloride,powder,A16AA06,betaine,Normal,,E72,"Amino-asit metabolizmasının
 diğer bozuklukları","1- KOBALAMİN KOFAKTÖR METABOLİZMA EKSİKLİĞİ OLAN,HOMOSİSTİNÜRİ
HASTALARININ TEDAVİSİNDE KULLANILIR.
2- SİSTATİYON B-SENTAZ EKSİKLİĞİ OLAN,HOMOSİSTİNÜRİ
HASTALARININ TEDAVİSİNDE KULLANILIR.
3- 5,10 METİL TETRAHİDRO FOLAT REDÜKTAZ EKSİKLİĞİ OLAN HOMOSİSTİNÜRİ
HASTALARININ TEDAVİSİNDE KULLANILIR."
YDA16AA0697,betaine hydrochloride,oral solution,A16AA06,betaine,Normal,,E72,"Amino-asit metabolizmasının
 diğer bozuklukları","1- KOBALAMİN KOFAKTÖR METABOLİZMA EKSİKLİĞİ OLAN,HOMOSİSTİNÜRİ
HASTALARININ TEDAVİSİNDE KULLANILIR.
2- SİSTATİYON B-SENTAZ EKSİKLİĞİ OLAN,HOMOSİSTİNÜRİ
HASTALARININ TEDAVİSİNDE KULLANILIR.
3- 5,10 METİL TETRAHİDRO FOLAT REDÜKTAZ EKSİKLİĞİ OLAN HOMOSİSTİNÜRİ
HASTALARININ TEDAVİSİNDE KULLANILIR."
YDN07AB0299,bethanechol chloride,tablet,N07AB02,bethanechol,Normal,,N31,"Mesanenin nöromusküler fonksiyon bozukluğu, başka yerde sınıflanmamış",NÖROJENİK MESANE TEDAVİSİNDE KULLANILIR.
YDD03AX1399,"betula pendula roth, betula pubescens ehrh",gel,D03AX13,betulae cortex  ,Normal,1.0,,,
YDL01XE4199,binimetinib,tablet,L01XE41,binimetinib,Normal,1.0,,,
YDJ06AA0499,"botulinum antitoxin-A, B, C, D, E, F, G",vial,J06AA04,botulinum antitoxin ,Normal,,,,
YDS01LA0699,brolucizumab,vial,S01LA06,brolucizumab,Normal,1.0,,,
YDJ05AX2899,bulevirtide,vial,J05AX28,bulevirtide,Normal,1.0,,,
YDC03CA0299,bumetanide,tablet,C03CA02,bumetanide,Normal,,,,
YDM05BX0599,burosumab,vial,M05BX05,burosumab,Normal,1.0,,,
YDN02BG1099,cannabidiol,oral solution,N02BG10,cannabinoids ,Kırmızı,1.0,,,
YDL01EX2799,capivasertib,tablet,L01EX27,capivasertib ,Normal,1.0,,,
YDB01AX0799,caplacizumab-YHDP,vial,B01AX07,caplacizumab,Normal,1.0,,,
YDL01EX1799,capmatinib,tablet,L01EX17,capmatinib,Normal,1.0,,,
YDN01BX0499,capsaicin,transdermal therapeutic system (TTS),N01BX04,capsaicin,Normal,,,,
YDG02AD0499,carboprost tromethamine,vial,G02AD04,carboprost,Normal,,,,
YDL01XC9999,cemiplimab,vial,L01XC, monoclonal antibodies,Normal,1.0,,,
YDS01XA2499,cenegermin,eye drop,S01XA24,cenegermin,Normal,1.0,,,
YDA16AB1799,cerliponase alfa,vial (intraventricular injection),A16AB17,cerliponase alfa,Normal,1.0,,,
YDN07AX0399,cevimeline hydrochloride,"tablet, capsul",N07AX03,cevimeline,Normal,,M35.0,Sikka sendromu [Sjögren],SJÖGREN SENDROMU (SİCCA SENDROMU) HASTALARININ TEDAVİSİNDE KULLANILIR.
YDV06DX9999,"cholesterol, carbonhydrate (cholesterol, dried glucose syrup)",powder,V06DX,other combinations of nutrients,Normal,,E78;E88.8;E88.9,"Lipoprotein metabolizması bozuklukları
 ve diğer lipidemiler;Metabolik bozukluklar diğer tanımlanmamış;Metabolik bozukluklar, tanımlanmamış",KOLESTEROL METABOLİZMASI BOZUKLUKLARI OLAN HASTALARIN TEDAVİSİNDE KULLANILIR.
YDC10AC0199,cholestyramine ,powder,C10AC01,colestyramine,Normal,,,,
YDB05XA3199,"Chromium trichloride hexahydrate, Copper chloride dihydrate, Iron (III) chloride hexahydrate, Manganese chloride tetrahydrate, Potassium iodide, Sodium fluoride, Sodium molybdate dihydrate, Sodium selenite, Zinc chloride.",vial,B05XA31,electrolytes in combination with other drugs ,Normal,,,,
YDA13A99999,citrulline malate,oral solution,A13A,tonics,Normal,,E72.2;E72.8,Üre siklus metabolizması bozuklukları;Amino-asit metabolizması diğer tanımlanmış bozuklukları;,"1-ÜRE SİKLUS BOZUKLUĞU (KARBAMİL FOSFAT SENTETAZ EKSİKLİĞİ, ORNİTİN TRANSKARBAMİLAZ EKSİKLİĞİ ) OLAN HASTALARIN TEDAVİSİNDE
2-LİSİNÜRİK PROTEİN İNTOLERANSI TEDAVİSİNDE KULLANILIR."
YDN05BA0999,clobazam,tablet,N05BA09,clobazam,Yeşil,,G40,Epilepsi,EPİLEPSİ TEDAVİSİNDE KULLANILIR.
YDJ04BA0199,clofazimine,capsule,J04BA01,clofazimine,Normal,,A15,"Solunum yolları tüberkülozu, bakteriyolojik ve histolojik olarak onaylanmış",ÇOKLU İLAÇ TEDAVİSİNE DİRENÇLİ AKCİĞER TÜBERKÜLOZU TEDAVİSİNDE KULLANILIR.
YDC02AC0199,clonidine hydrochloride,transdermal therapeutic system (TTS),C02AC01,clonidine,Normal,,I10;I15;F84.0; F90.0,Esansiyel Hipertansiyon;Sekonder hipertansiyon;Otizm; Dikkat eksikliği hiperaktivite bozukluğu,"1-ANTİHİPERTANSİF TEDAVİYE DİRENÇLİ HASTALARININ TEDAVİSİNDE KULLANILIR.
2- OTİZM
3- DİKKAT EKSİKLİĞİ HİPERAKTİVİTE BOZUKLUĞU"
YDC02AC0198,clonidine hydrochloride,tablet,C02AC01,clonidine,Normal,,I10;I15;F84.0; F90.0,Esansiyel Hipertansiyon;Sekonder hipertansiyon;Otizm; Dikkat eksikliği hiperaktivite bozukluğu,"1-ANTİHİPERTANSİF TEDAVİYE DİRENÇLİ HASTALARININ TEDAVİSİNDE KULLANILIR.
2- OTİZM
3- DİKKAT EKSİKLİĞİ HİPERAKTİVİTE BOZUKLUĞU"
YDB02BD1399,coagulation factor X (human),vial,B02BD13,coagulation factor X,Turuncu/Mor,1.0,,,
YDM04AC0199,colchicine ,tablet,M04AC01,colchicine,Normal,,E85.0;M10,Heredofamilyal amiloidozis;Nöropatik olmayan Gut,"1-DÖRT YAŞ VE ÜSTÜ AİLEVİ AKDENİZ ATEŞİ (FMF) TEDAVİSİNDE KULLANILIR.*
2-GUT ATAKLARI TEDAVİSİNDE KULLANILIR.*

*TÜRKİYEDEKİ KOLŞİSİN PREPARATLARINA KARŞI ALLERJİSİ YA DA DİRENCİ OLDUĞU SAĞLIK KURULU RAPORUNDA BELİRTİLMELİDİR."
YDC10AC0499,colesevelam hcl (aspartame free),tablet,C10AC04,colesevelam ,Normal,1.0,,,
YDC10AC0497,colesevelam hcl (aspartame free),oral suspension,C10AC04,colesevelam ,Normal,1.0,,,
YDC10AC0498,colesevelam hydrochloride,sachet,C10AC04,colesevelam,Normal,1.0,,,
YDV04CD0499,corticorelin trifluoroacetate,vial,V04CD04,corticorelin,Normal,,E24;E27.4,"Cushing sendromu;Adrenokortikal yetmezlik, diğer ve tanımlanmamış","1-CRH STİMÜLASYON TESTİNDE KULLANILIR.
2-PETROZAL SİNÜS ÖRNEKLEMESİNDE KULLANILIR."
YDB06AX0199,crizanlizumab,vial,B06AX01,crizanlizumab,Normal,1.0,,,
YDA16AA0499,cysteamine bitartrate,capsule,A16AA04,mercaptamine,Normal,1.0,E72.0,Amino-asit taşıma bozuklukları,"SİSTİNOZİS, SİSTİNÜRİ HASTALARININ TEDAVİSİNDE KULLANILIR.
""CAPSUL(DELAYED RELEASE)"" FORMU İÇİN TİTCK YAZILI ONAY ŞARTI EKLENMİŞTİR.
"
YDS01XA2199,cysteamine hydrochloride,eye drop,S01XA21,mercaptamine,Normal,,E72.0,Amino-asit taşıma bozuklukları,KORNEAL SİSTİN KRİSTALİ BİRİKİMİ OLAN SİSTİNOZİS HASTALARININ TEDAVİSİNDE KULLANILIR.
YDL01DA0199,dactinomycin,vial,L01DA01,dactinomycin,Normal,,C00-C97;D00-D48,Kanser;Kanser,KANSER TANISINDA ENDİKASYON ŞARTI ARANMAYACAKTIR
YDM03CA0199,dantrolene sodium,vial,M03CA01,dantrolene,Normal,,T88.3;G21.0;G82.4;G81.1;G82.1,Anesteziden dolayı malign hipertermi;Malign nöroleptik sendrom;Spastik tetrapleji;Spastik hemipleji;Spastik parapleji,"1-HERTÜRLÜ OPERASYONA BAĞLI MALİGN HİPERTERMİ VE/VEYA MALİGN HİPERTERMİ RİSKİ TEDAVİSİNDE KULLANILIR.
2-MALİGN NÖROLEPTİK SENDROM TEDAVİSİNDE KULLANILIR.
3-SPASTİK TETRAPLEJİ TEDAVİSİNDE KULLANILIR.
4-SPASTİK HEMİPLEJİ TEDAVİSİNDE KULLANILIR.
5-SPASTİK PARAPLEJİ TEDAVİSİNDE KULLANILIR."
YDM03CA0198,dantrolene sodium,"capsule, tablet",M03CA01,dantrolene,Normal,,G82.4;G81.1;G82.1,Spastik tetrapleji;Spastik hemipleji;Spastik parapleji,"
1-SPASTİK TETRAPLEJİ TEDAVİSİNDE KULLANILIR.
2-SPASTİK HEMİPLEJİ TEDAVİSİNDE KULLANILIR.
3-SPASTİK PARAPLEJİ TEDAVİSİNDE KULLANILIR.
"
YDJ04BA0299,dapsone,tablet,J04BA02,dapsone,Normal,,A00-Z99,Endikasyon Şartı Aranmayacaktır.,ENDİKASYON ŞARTI ARANMAYACAKTIR.
YDJ04BA9999,dapsone and rifampicin,tablet,J04BA,drugs for treatment of lepra,Normal,1.0,,,
YDV03AC0199,deferoxamine methanesulfonate,vial,V03AC01,deferoxamine,Normal,,E83.1 ; T45.4,Demir metabolizması bozuklukları ; Demir ve bileşenleri ile zehirlenme,"1- FİLEBOTOMİYE YETERLİ YANITI OLMAYAN YA DA FİLEBOTOMİYİ TOLERE EDEMEYEN PRİMER HEMOKROMATOZİS HASTALARININ TEDAVİSİNDE KULLANILIR. 
2- FERRİTİN DÜZEYİ > 1000 OLAN VE TRANSFÜZYON BAĞIMLISI OLAN TRANSFÜZYONA SEKONDER HEMOKROMATOZİS HASTALARININ TEDAVİSİNDE KULLANILIR. 
3- AKUT DEMİR ZEHİRLENMESİ TEDAVİSİNDE KULLANILIR."
YDB01AX0199,defibrotide,vial,B01AX01,defibrotide,Normal,,K76.5;Z94,Hepatik veno-okluzif hastalık;Organ ve doku nakilleri,"1-ALLOJENEİK KÖK HÜCRE NAKLİNİ İZLEYEN İLK 3 HAFTA İÇİNDE SEATTLE VEYA BALTİMORE KRİTERLERİNE GÖRE AĞIR HEPATİK VENO-OKLUSİF HASTALIK (VOH) GELİŞEN HASTALARDA TEDAVİ AMACIYLA KULLANILIR.
2-ALLOJENEİK KÖK HÜCRE NAKLİ HAZIRLIĞINDA VEYA ALLOJENEİK KÖK HÜCRE NAKLİ SONRASINDA AŞAĞIDA BELİRTİLEN KOŞULLARDAN EN AZ BİRİNE SAHİP (VOH GELİŞME RİSKİ YÜKSEK RİSKLİ) HASTALARDA PROFİLAKTİK OLARAK KULLANILIR:
 A.  DAHA ÖNCE KARACİĞERİ İÇERECEK ŞEKİLDE KARIN BÖLGESİNE RADYOTERAPİ ALAN HASTALARDA KULLANILIR.
 B.  KARACİĞER BİYOPSİSİ İLE KANITLANMIŞ KARACİĞER FİBROZU, SİROZU VEYA HEMAKROMATOZU BULUNAN HASTALARDA KULLANILIR.
 C.  SEROLOJİ VE VİRUS YÜKÜ İLE KANITLANMIŞ HEPATİT B VE/VEYA HEPATİT C ENFEKSİYONLU HASTALARDA KULLANILIR.
 D. DAHA ÖNCE MİYELOABLATİF HAZIRLIK REJİMLERI İLE NAKİL OLMUŞ HASTALARDA KULLANILIR.
 E.   HAZIRLIK REJİMİNDE BUSULFAN KULLANILAN VEYA KULLANILACAK OLAN HASTALARDA KULLANILIR. 
 F.   AKRABA DIŞI VERİCİDEN NAKİL YAPILAN VEYA YAPILACAK OLAN HASTALARDA KULLANILIR.
 G. YEDİ YAŞ ÖNCESİ ALLOJENEİK NAKİL YAPILAN VEYA YAPILACAK OLAN HASTALARDA KULLANILIR."
YDR05DA0999,dextromethorphan hydrobromide,tablet,R05DA09,dextromethorphan ,Normal,1.0,,,
YDN07XX5999,dextromethorphan hydrobromide and quinidine sulfate,capsule,N07XX59,"dextromethorphan, combinations ",Normal,,,,
YDV03AH0199,diazoxide,oral solution,V03AH01,diazoxide,Normal,,E16;-*,Pankreas iç salgısının diğer bozuklukları;-*,"İNOPERABL PANKREAS ADACIK HÜCRE ADENOMU VEYA KARSİNOMU*, NESİDİOBLASTOZİS, EKSTRAPANKREATİK MALİGNANSİLERE BAĞLI HİPERİNSÜLİNEMİK HİPOGLİSEMİ TEDAVİSİNDE KULLANILIR..
*(BU KULLANIM ŞARTININ SAĞLANDIĞININ RAPORDA BELİRTİLMESİ HALİNDE BU ŞARTA ÖZEL ICD 10 KODU ARANMAZ(BU ŞARTA SPESİFİK BİR ICD 10 KODU BULUNMAMAKTADIR)"
YDV03AH0198,diazoxide,tablet,V03AH01,diazoxide,Normal,,E16;-*,Pankreas iç salgısının diğer bozuklukları;-*,"İNOPERABL PANKREAS ADACIK HÜCRE ADENOMU VEYA KARSİNOMU*, NESİDİOBLASTOZİS, EKSTRAPANKREATİK MALİGNANSİLERE BAĞLI HİPERİNSÜLİNEMİK HİPOGLİSEMİ TEDAVİSİNDE KULLANILIR..
*(BU KULLANIM ŞARTININ SAĞLANDIĞININ RAPORDA BELİRTİLMESİ HALİNDE BU ŞARTA ÖZEL ICD 10 KODU ARANMAZ(BU ŞARTA SPESİFİK BİR ICD 10 KODU BULUNMAMAKTADIR)"
YDC01AA0499,"digitoxine
",tablet,C01AA04,digitoxin,Normal,,I50;I50.0,Kalp yetmezliği;Konjestif kalp yetmezliği;,KALP YETMEZLİĞİ OLAN HASTALARIN TEDAVİSİNDE KULLANILIR.
YDV03AB2499,digoxin immune fab,vial,V03AB24,digitalis antitoxin  ,Normal,,,,
YDV03AB0999,dimercaprol,vial,V03AB09,dimercaprol,Normal,,,,
YDG04BX1399,dimethyl sulfoxide,oral solution,G04BX13,dimethyl sulfoxide,Normal,,N30.1,İnterstisiyel sistit (kronik),İNTERSTİSİYEL SİSTİT TEDAVİSİNDE KULLANILIR.
YDL01XC1699,dinutuximab beta,vial,L01XC16,dinutuximab,Normal,1.0,,,
YDB05XA0699,"dipotassium phosphate, potassium dihydrogen phosphate",vial,B05XA06," potassium phosphate, incl. combinations with other potassium salts ",Normal,,,,
YDB01AC0799,dipyridamole,vial,B01AC07,dipyridamole,Normal,,,,
YDG04BC9999,"disodium hydrogenphosphate, potassium dihidrogen phosphate",tablet,G04BC,urinary concrement solvents,Normal,,,,
YDC01BA0399,disopyramide phosphate,"capsule, tablet",C01BA03,disopyramide,Normal,,I49;I47.0;I47.2;I42.1,"Kardiyak aritmiler, diğer;Re-entran ventriküler aritmi;Ventriküler taşikardi;Obstrüktif  hipertrofik kardiyomiyopati","1-HAYATİ TEHDİT EDİCİ VENTRİKÜLER ARİTMİLERİN TEDAVİSİNDE, 
2-OBSTRÜKTİF HİPERTROFİK KARDİYOMİYOPATİ TEDAVİSİNDE KULLANILIR."
YDN07BB0199,disulfiram,implant,N07BB01,disülfiram,Normal,,,,
YDV06DC9999,d-mannose,powder,V06DC,carbohydrates,Normal,,"E77.8, E88.9","Glikoprotein Metabolizmasının Diğer Bozuklukları; Metabolik Bozukluklar, Tanımlanmamış",KONJENİTAL GLİKOZİLASYON DEFEKTLERİ (CDG) VE CDG KATEGORİSİNDE YER ALAN MANNOZ-FOSFAT İZOMERAZ EKSİKLİĞİ VE FOSFOMANNOMUTAZ EKSİKLİĞİNDE KULLANILIR.
YDN06AA1299,doxepin hydrochloride,tablet,N06AA12,doxepin,Normal,,L50;L20,Ürtiker;Atopik dermatit,"1-ÜRTİKER HASTALARININ TEDAVİSİNDE KULLANILIR.
2-ATOPİK DERMATİTİ OLAN HASTALARIN TEDAVİSİNDE KULLANILIR."
YDM01CC0199,D-penicillamine,"tablet, capsul",M01CC01,penicillamine,Normal,,E83.0;M05;M06;M08;E72.0,"Bakır metabolizması bozuklukları;Seropozitif romatoid artrit;Romatoid artrit, diğer;Juvenil artrit;Amino-asit taşıma bozuklukları","1-WİLSON HASTALIĞI TEDAVİSİNDE KULLANILIR.
2-AKTİF ROMATOİD ARTRİT TEDAVİSİNDE KULLANILIR.
3-SİSTİNÜRİ TEDAVİSİNDE KULLANILIR.
"
YDC01BD0799,dronedarone hydrochloride,tablet,C01BD07,dronedarone,Normal,,,,
YDC01CA9999,droxidopa,"tablet, capsul",C01CA,adrenergic and dopaminergic agents,Normal,,,,
YDL01EM0499,duvelisib,capsule,L01EM04,duvelisib,Normal,1.0,,,
YDN07XX9999,edaravone,vial,N07XX,other nervous system drugs,Normal,1.0,,,
YD999999999,elacestrant,tablet,DSÖ tarafından  ATC kodu henüz belirlenmemiş ilaç,DSÖ tarafından  ATC kodu henüz belirlenmemiş ilaç,Normal,1.0,,,
YDL03AX9999,elapegademase,vial,L03AX,other immunostimulants,Normal,,D81,Kombine İmmün Yetmezlik,KOMBİNE İMMÜN YETMEZLİK HASTALARININ TEDAVİSİNDE
YDR07AX3299,"elexacaftor/ivacaftor/tezacaftor, and ivacaftor","tablet, granule",R07AX32,"elexacaftor,tezacaftor and ivacaftor",Normal,1.0,,,
YDA16AX1099,eliglustat,capsule,A16AX10,eliglustat,Normal,1.0,,,
YDA16AB9999,elosulfase alfa,vial,A16AB,enzymes,Normal,1.0,,,
YDL01XC2399,elotuzumab,vial,L01XC23,elotuzumab,Normal,1.0,,,
YDL04AA3999,emapalumab,vial,L04AA39,emapalumab,Normal,1.0,,,
YDL01XX4199,eribulin mesylate,vial,L01XX41,eribulin,Normal,,,,
YDJ01FA0199,erythromycin,oral suspension,J01FA01,erythromycin ,Normal,,,,
YDM09AX0699,eteplirsen,vial,M09AX06,eteplirsen,Normal,1.0,,,
YDG03CA0199,ethinyl estradiol,tablet,G03CA01,ethinylestradiol ,Normal,,E28.3;E28.8;E28.9;Q96;Q56.0;,"Diğer Primer Ovarian Yetmezlik;Over disfonksiyonu, diğer;Over disfonksiyonu, tanımlanmamış; Turner Sendromu; Hermaphroditizm, başka bir yerde sınıflanmamış","1-HİPOGONADİZM, 
2-TURNER SENDROMU (12 YAŞINDAN BÜYÜK ÇOCUKLARDA), 
3-PRİMER OVERYAN SENDROMU, 
4-HERMAFRODİZM, 
5-OVER DİSFONKSİYONU HASTALARININ TEDAVİSİNDE"
YDN03AD0199,ethosuximide,capsule,N03AD01,ethosuximide,Normal,,G40,Epilepsi,ABSANS EPİLEPSİ TEDAVİSİNDE KULLANILIR.
YDN03AD0198,ethosuximide,oral solution,N03AD01,ethosuximide,Normal,,G40,Epilepsi,ABSANS EPİLEPSİ TEDAVİSİNDE KULLANILIR.
YDN01AX0799,etomidate,vial,N01AX07,etomidate,Yeşil,1.0,,,
YDN03AX1099,felbamate,tablet,N03AX10,felbamate,Normal,,,,
YDA08AA0299,fenfluramine,oral solution,A08AA02, fenfluramine ,Kırmızı,1.0,,,
YDB05XA3099,"Ferrous chloride, Zinc chloride, Manganese chloride, Cupric chloride, Chromic chloride, Sodium molybdate dihydrate, Sodium selenite pentahydrate, Sodium fluoride, Potassium iodide",vial,B05XA30, combinations of electrolytes ,Normal,,,,
YDC01BC0499,flecainide acetate,tablet,C01BC04,flecainide,Normal,,I47.1;I48;I49;I47.0;I47.2,"Supraventriküler taşikardi;Atrial fibrilasyon ve flutter;Kardiyak aritmiler, diğer;Re-entran ventriküler aritmi;Ventriküler taşikardi","1- PAROKSİSMAL SUPRAVENTRİKÜLER TAŞİKARDİ TEDAVİSİNDE KULLANILIR.
2- PAROKSİSMAL ARTRİYAL FİBRİLASYON (PAF) TEDAVİSİNDE KULLANILIR.
3- HAYATI TEHDİT EDİCİ VENTRİKÜLER ARİTMİLERİN TEDAVİSİNDE KULLANILIR."
YDJ02AX0199,flucytosine,tablet,J02AX01,flucytosine,Normal,,B45.1,Serebral kriptokokkoz,CRİPTOCOCCUS MENENJİTİ TEDAVİSİNDE KULLANILIR.
YDJ02AX0198,flucytosine,vial,J02AX01,flucytosine,Normal,,B45.1,Serebral kriptokokkoz,CRİPTOCOCCUS MENENJİTİ TEDAVİSİNDE KULLANILIR.
YDL02BB0199,flutamide,tablet,L02BB01,flutamide,Normal,,,,
YDV03AB3499,fomepizole,vial,V03AB34,fomepizole ,Normal,1.0,,,
YDL01EN0499,futibatinib,tablet,L01EN04,futibatinib,Normal,1.0,,,
YDA16AB0899,galsulfase,vial,A16AB08,galsulfase,Normal,1.0,,,
YDN03AX2799,ganaxolone,oral suspension,N03AX27,ganaxolone ,Normal,1.0,,,
YDA16AX1699,givosiran,vial,A16AX16,givosiran,Normal,1.0,,,
YDB05BA0299,glicerol trioleate oil,oral solution,B05BA02,fat emulsions,Normal,,E71.3,Yağ-asidi metabolizması bozuklukları,ADRENOLOKÖDİSTROFİ HASTALARININ TEDAVİSİNDE KULLANILIR.
YDL01FX2899,glofitamab,vial,L01FX28,glofitamab,Normal,1.0,,,
YDV03AB3299,glutathione,vial,V03AB32,glutathione,Normal,,,,
YDV06DX9998,glycine free powdered infant formula,powder,V06DX,other combinations of nutrients,Normal,,E72.5,Glisin metabolizması bozuklukları,NON KETOTİK HİPERGLİSİNEMİ TEDAVİSİNDE KULLANILIR.
YDA03AB0299,glycopyrrolate,oral solution,A03AB02,glycopyrronium bromide,Normal,,R61;K11.7,Hiperhidroz;Tükrük salgısı bozuklukları,"1-GENERALİZE HİPERHİDROZ TEDAVİSİNDE KULLANILIR.
2-NÖROLOJİK DURUMLARA BAĞLI HİPERSALİVASYON KONTROLÜNDE KULLANILIR."
YDA03AB0297,glycopyrrolate,tablet,A03AB02,glycopyrronium bromide,Normal,,R61;K11.7,Hiperhidroz;Tükrük salgısı bozuklukları,"1-GENERALİZE HİPERHİDROZ TEDAVİSİNDE KULLANILIR.
2-NÖROLOJİK DURUMLARA BAĞLI HİPERSALİVASYON KONTROLÜNDE KULLANILIR."
YDA03AB0296,glycopyrrolate,vial,A03AB02,glycopyrronium bromide,Normal,,R61;K11.7,Hiperhidroz;Tükrük salgısı bozuklukları,"1-GENERALİZE HİPERHİDROZ TEDAVİSİNDE KULLANILIR.
2-NÖROLOJİK DURUMLARA BAĞLI HİPERSALİVASYON KONTROLÜNDE KULLANILIR."
YDA03AB0298,glycopyrronium bromide ,oral solution,A03AB02,glycopyrronium bromide ,Normal,,,,
YDS01AX0899,hexamidine,eye drop,S01AX08,hexamidine,Normal,1.0,,,
YDB02BD0799,human coagulation factor XIII,vial,B02BD07,coagulation factor XIII,Turuncu/Mor,,,,
YDB06AB9999,human hemin,vial,B06AB,other hem products,Normal,,E80,Porfirin ve bilirubin metabolizması bozuklukları,AKUT İNTERMİTTAN PORFİRİA HASTALARINDA KULLANILIR.
YDB06AA0399,hyaluronidase,vial,B06AA03,hyaluronidase,Normal,,,,
YDC02DB0299,hydralazine hcl,tablet,C02DB02,hydralazine,Normal,,O14;O11;O13;O15,"Hamilelikte [gebeliğe bağlı] hipertansiyon,
 belirgin proteinüri ile;Hamilelik öncesi mevcut Hipertansif bozukluk, eşlik eden proteinüri ile birlikte;Hamilelikte [gebeliğe bağlı] hipertansiyon, belirgin proteinüri olmadan;Eklampsi ",PREEKLAMPSİ- EKLAMPSİ TEDAVİSİNDE KULLANILIR.
YDC02DB0298,hydralazine hcl,vial,C02DB02,hydralazine,Normal,,O14;O11;O13;O15,"Hamilelikte [gebeliğe bağlı] hipertansiyon,
 belirgin proteinüri ile;Hamilelik öncesi mevcut Hipertansif bozukluk, eşlik eden proteinüri ile birlikte;Hamilelikte [gebeliğe bağlı] hipertansiyon, belirgin proteinüri olmadan;Eklampsi ",PREEKLAMPSİ- EKLAMPSİ TEDAVİSİNDE KULLANILIR.
YDC03AA0399,hydrochlorothiazide,tablet,C03AA03,hydrochlorothiazide,Normal,,R60;I50;K74;N01;N02;N03;N04;N05;N06;N07;N08;N11;N15;N16;N18;N19;N25;N26;N27;N28;N29;J81;O12.0;E83.5;N25.1,"Ödem, başka yerde sınıflanmamış;Kalp yetmezliği;Karaciğer fibroz ve sirozu;Hızlı ilerleyen nefritik sendrom;Tekrarlayan ve inatçı hematür;Kronik nefritik sendrom;Nefrotik sendrom;Nefritik sendrom, tanımlanmamış;İzole proteinüri, tanımlanmış morfolojik lezyon ile;Herediter nefropati, başka yerde sınıflanmamış;Glomerüler bozukluklar, başka yerde sınıflanmış hastalıklarda;Kronik tübülo-interstisyel nefrit;Renal tübülo-interstisyel hastalıklar, diğer;Renal tübülo-interstisyel bozukluklar, başka yerde sınıflanmış hastalıklarda;Kronik böbrek yetmezliği;Böbrek yetmezlikleri, tanımlanmamış;Renal tübüler fonksiyonun harabiyeti sonucu oluşan bozukluklar;Kontrakte böbrek, tanımlanmamış;Küçük böbrek, nedeni bilinmeyen;Böbrek ve üreterin diğer bozuklukları, başka yerde sınıflanmamış;Böbrek ve üreterin diğer bozuklukları, başka yerde sınıflanmamış hastalıklarda;Akciğer ödemi;Hamilelikte ödem;Kalsiyum metabolizması bozuklukları;Nefrojenik diyabetes insipidus","1- KONJESTİF KALP YETMEZLİĞİNE BAĞLI ÖDEM TEDAVİSİNDE KULLANILIR.
2- HEPATİK SİROZA BAĞLI ÖDEM TEDAVİSİNDE KULLANILIR.
3- KORTİKOSTEROİD VE ÖSTROJEN TEDAVİSİNE BAĞLI GELİŞEN ÖDEM TEDAVİSİNDE KULLANILIR.
4- RENAL FONKSİYON BOZUKLUĞUNA (NEFROTİK SENDROM, AKUT GLOMERULOSKLEROZ, KRONİK BÖBREK YETMEZLİĞİ GİBİ) BAĞLI ÖDEM TEDAVİSİNDE KULLANILIR.
5- DİÜRETİKLERİN KULLANILAMADIĞI GEBELİKTE ÖDEM TEDAVİSİNDE KULLANILIR.
6-İDİOPATİK HİPERKALSİÜRİ TEDAVİSİNDE KULLANILIR.
7-NEFROJENİK DİABETES İNSİPİDUS TEDAVİSİNDE KULLANILIR."
YDH02AB0999,hydrocortisone,tablet,H02AB09,hydrocortisone,Normal,,,,"Endokrin hastalıkları:
- Primer veya sekonder adrenokortikal yetmezlik,
- Konjenital adrenal hiperplazi,
- Non-suppuratif tiroidit,
- Kanserle beraber görülen hiperkalsemi.
Romatizmal hastalıklar:
Kısa dönem uygulamalar için destek tedavisi için;
- Psöriyatik artrit,
- Juvenil romatoid artrit dahil romatoid artrit,
- Ankilozan spondilit,
- Akut ve subakut bursit,
- Akut non-spesifik tenosinovit,
- Akut gut artriti,
- Post travmatik osteoartrit,
- Osteoartrit sinoviti,
- Epikondilit.
Kollajen hastalıklar:
- Sistemik lupus eritematozus,
- Sistemik dermatomiyozit,
- Akut romatizmal kardit,
Dermatolojik hastalıklar:
- Pemfigus,
- Büllöz dermatitis herpetiformis,
- Stevens-Johnson sendromu,
- Eksfolyatif dermatit,
- Mikozis fungoides,
- Şiddetli psoriyazis,
- Şiddetli seboreik dermatit.
Uygun bir standart tedaviye yanıt vermeyen şiddetli alerjik hastalıklar:
- Mevsimsel veya yıl boyu süren (perennial) alerjik rinit,
- Serum hastalığı,
- Bronşiyal astım,
- Kontakt dermatit,
- Atopik dermatit,
- İlaca karşı aşırı duyarlılık reaksiyonları.
Göz ve eklerini ilgilendiren şiddetli akut ve kronik alerjik ve inflamatuar süreçler:
- Alerjik konjonktivit,
- Keratit,
- Alerjik korneal marjinal ülserler,
- Herpes zoster oftalmikus,
- İritis ve iridosiklit,
- Koryoretinit,
- Ön segment inflamasyonu,
- Diffüz arka üveit ve koroidit,
- Optik nörit,
- Sempatik oftalmi.
Solunum hastalıkları:
- Semptomatik sarkoidozis,
- Diğer yöntemlerle tedavi edilemeyen loeffler sendromu,
- Fulminan veya dissemine pulmoner tüberküloz (uygun antibiyotik tedavisiyle birlikte),
- Aspirasyon pnömonisi.
Kan hastalıkları:
- Yetişkinlerde idiyopatik trombositopenik purpura,
- Yetişkinlerde sekonder trombositopeni,
- Akkiz (otoimmün) hemolitik anemi,
- Eritroblastopeni,
- Konjenital hipoplastik anemi.
Neoplastik hastalıklar:
- Yetişkinlerde lösemi ve lenfoma,
- Çocukluk çağı akut lösemisi,
Ödemli hastalıklar:
- İdiopatik tip veya lupus eritematozusa bağlı üremisiz nefrotik sendromda proteinüri
tedavisi veya diürezisin uyarılması
Gastrointestinal hastalıklar:
- Ülseratif kolit,
- Rejyonel enterit.
Sinir sistemi hastalıkları:
- Multipl skleroz akut alevlenmeleri,
Çeşitli hastalıklar:
- Uygun antitüberküloz tedaviyle birlikte tüberküloz menenjiti,
- Nörolojik veya miyokardiyal tutulumlu trişinozis."
YDC01BA9999,hydroquinidine hydrochloride,capsule,C01BA,"antiarrhythmics, class Ia",Normal,,,,
YDV03AB3399,hydroxocobalamin,vial,V03AB33,hydroxocobalamin ,Normal,1.0,,,
YDV06999999,hydroxybutyric acid,powder,V06,general nutritions,Normal,,E71.3; E74.0,Yağ-asidi metabolizması bozuklukları; Glikojen Depo Hastalıkları,"KONVANSİYONEL TEDAVİLERE (TIBBİ BESLENME TEDAVİSİ-KARNİTİN-AMONYAK DÜŞÜRÜCÜ İLAÇLAR GİBİ) YANIT VERMEYEN KETON SENTEZ BOZUKLUKLARI, MULTİPL AÇİL-KOA DEHİDROGENAZ EKSİKLİĞİ (MADD) VE ÖZELLİKLE KAS TUTULUMU OLAN GLİKOJEN DEPO TİP 3 HASTALARINDA KULLANILIR."
YDP01BA0299,hydroxychloroquine sulphate ,tablet,P01BA02,hydroxychloroquine,Normal,1.0,,,
YDN06BX1399,idebenone,tablet,N06BX13,idebenone,Normal,1.0,,,
YDL01XX4799,idelalisib,tablet,L01XX47,idelalisib,Normal,1.0,,,
YDA16AB0999,idursulfase beta,vial,A16AB09,idursulfase,Normal,1.0,,,
YDJ07BF0399,inactivated polio vaccine,vaccine (injection),J07BF03,"poliomyelitis, trivalent, inactivated, whole virus",Normal,,Z94.8,Diğer organ ve dokuların nakli,"1. HEMATOLOJİK MALİGNİTELERDE KEMİK İLİĞİ NAKLİ YAPILMIŞ HASTALARDA
2. MALİGN OLMAYAN HEMATOLOJİK HASTALIKLARDA KEMİK İLİĞİ NAKLİ YAPILMIŞ HASTALARDA KULLANILIR"
YDV04CX0199,indocyanine green,vial,V04CX01,indocyanine green ,Normal,,,,
YDN07XX1599,inotersen,vial,N07XX15,inotersen,Normal,1.0,,,
YDL03AB0399,interferon gamma,vial,L03AB03,interferon gamma,Normal,,Q78.2;D71,Osteopetrozis;Polimorfonükleer nötrofillerin fonksiyon bozuklukları,"1-OSTEOPETROZİS TEDAVİSİNDE KULLANILIR.
2-KRONİK GRANULOMATOZ HASTALIKLARIN TEDAVİSİNDE KULLANILIR.
"
YDR01AX0399,ipratropium bromide,nasal spray,R01AX03,ipratropium bromide,Normal,,,,
YDJ02AC0598,isavuconazonium sulfate,capsule,J02AC05,isavuconazole,Normal,1.0,,,
YDJ02AC0599,isavuconazonium sulfate,vial,J02AC05,isavuconazole,Normal,1.0,,,
YDR07AX0299,ivacaftor,"granule, tablet",R07AX02,ivacaftor,Normal,1.0,,,
YDR07AX3298,ivacaftor/tezacaftor/elexacaftor,tablet,R07AX32,"elexacaftor,tezacaftor and ivacaftor",Normal,1.0,,,
YDR07AX3199,"ivacaftor; ivacaftor, tezacaftor",tablet,R07AX31,ivacaftor and tezacaftor ,Normal,1.0,,,
YDP02CF0199,ivermectin, cream,P02CF01,ivermectin,Normal,,,,
YDL01XX6299,ivosidenib,tablet,L01XX62,	ivosidenib,Normal,1.0,,,
YDL01DC0499,ixabepilone,vial,L01DC04,ixabepilone,Normal,,,,
YDC07AG0199,labetalol,tablet,C07AG01,labetalol,Normal,,,,
YDC07AG0198,labetalol,vial,C07AG01,labetalol,Normal,,,,
YDB06AC0599,lanadelumab,vial,B06AC05, lanadelumab,Normal,1.0,,,
YDA16AX9999,large neutral amino acids,tablet,A16AX,"Various alimentary tract and
 metabolism products",Normal,,E70.0,"Klasik 
fenilketonüri",FENİLKETONÜRİ HASTALARININ TEDAVİSİNDE KULANILIR.
YDA16AX9994,"large neutral amino acids, biotin, vitamin B12, vitamin B6, calcium phosphorus",tablet,A16AX,"Various alimentary tract and
 metabolism products",Normal,,E70.0,"Klasik 
fenilketonüri",FENİLKETONÜRİ HASTALARININ TEDAVİSİNDE KULANILIR.
YDA16AX9995,"large neutral amino acids, biotin, vitamin B12, vitamin B6, folic acid",powder,A16AX,"Various alimentary tract and
 metabolism products",Normal,,E70.0,"Klasik 
fenilketonüri",FENİLKETONÜRİ HASTALARININ TEDAVİSİNDE KULANILIR.
YDL01XX0298,L-asparaginase,vial,L01XX02,asparaginase ,Normal,,,,"1- ÇOKLU KEMOTERAPİ ŞEMALARININ BİR BİLEŞENİ OLARAK ÇOCUK VE ERİŞKİNDE AKUT LENFOBLASTİK LÖSEMİ (KRONİK MİYELOİD LÖSEMİNİN LENFOBLASTİK DÖNÜŞÜMÜ DAHİL) TEDAVİSİNDE KULLANILIR.
2- ÇOCUKLARDA NON-HODGKİN LENFOMANIN T-LENFOBLASTİK LENFOMA TÜRÜNDE TEDAVİSİNDE KULLANILIR."
YDL01EB0999,lazertinib,tablet,L01EB09,lazertinib,Normal,1.0,,,
YDN05CJ0299,lemborexant,tablet,N05CJ02,lemborexant,Normal,1.0,,,
YDJ05AX3199,lenacapavir,tablet,J05AX31,lenacapavir,Normal,1.0,,,
YDJ05AX3198,lenacapavir,vial,J05AX31,lenacapavir,Normal,1.0,,,
YDL03AX2299,leniolisib,tablet,L03AX22,leniolisib,Normal,1.0,,,
YDL01XE2999,lenvatinib mesylate,capsule,L01XE29,lenvatinib ,Normal,1.0,,,
YDN04BA0299,"levodopa, carbidopa (100/25 mg)",tablet,N04BA02,levodopa and decarboxylase inhibitor,Normal,,G20;G21;G22,"Parkinson hastalığı;Sekonder parkinsonizm;Parkinsonizm, başka yerde sınıflanmış hastalıklarda",PARKİNSON TEDAVİSİNDE KULLANILIR.
YDN04BA0298,"levodopa, carbidopa monohydrate",intestinal gel,N04BA02,levodopa and decarboxylase inhibitor,Normal,,G20;G21;G22,"Parkinson hastalığı;Sekonder parkinsonizm;Parkinsonizm, başka yerde sınıflanmış hastalıklarda","CİDDİ MOTOR FLUKTUASYON, HİPERKİNEZİ/DİSKİNEZİ SEMPTOMLARI OLAN LEVODOPAYA CEVAP VEREN İLERİ EVRE PARKİNSON HASTALIĞININ TEDAVİSİNDE KULLANILIR."
YDH03AA0199,levothyroxine sodium,vial,H03AA01,levothyroxine sodium,Normal,1.0,E03.0;E03.1,Difüz guatırla beraber olan konjenital hipotiroidi;Guatırsız konjenital hipotiroidi,"KONJENİTAL HİPOTİROİDİ
""TABLET"" FORMU İÇİN TİTCK YAZILI ONAY ŞARTI ARANMAKTADIR."
YDH03AA0198,levothyroxine sodium,gel capsul,H03AA01,levothyroxine sodium,Normal,1.0,E03.0;E03.1,Difüz guatırla beraber olan konjenital hipotiroidi;Guatırsız konjenital hipotiroidi,"KONJENİTAL HİPOTİROİDİ
""TABLET"" FORMU İÇİN TİTCK YAZILI ONAY ŞARTI ARANMAKTADIR."
YDA16AA0399,L-glutamine,oral solution,A16AA03,glutamine,Normal,1.0,,,
YDL01XX1999,liposomal irinotecan hydrochloride,vial,L01XX19,irinotecan,Normal,,,,Lipozomal irinotekan metastatik pankreas kanserli hastaların tedavisinde gemsitabin tabanlı kemoterapi sonrası progrese olan hastalarda 2. basamak olarak kullanılması uygundur.
YDN05AN0199,lithium carbonate,tablet,N05AN01,lithium,Normal,,,,
YDL01AD0299,lomustine,"capsule, tablet",L01AD02,lomustine,Normal,,,,OTOLOG VEYA ALLOJENEİK HEMATOPOİETİK KÖK HÜCRE (KEMİK İLİĞİ) NAKLİ HAZIRLIK REJİMLERİNDE KULLANILIR.
YDJ05AR1099,"lopinavir, ritonavir",vial,J05AR10,lopinavir and ritonavir,Normal,,,,
YDN05AH0199,loxapine,capsule,N05AH01,loxapine,Normal,1.0,,,
YDR07AX3099,lumacaftor and ivacaftor,"sachet, tablet",R07AX30,ivacaftor and lumacaftor,Normal,1.0,,,
YDA16AX1899,lumasiran,vial,A16AX18, lumasiran ,Normal,1.0,,,
YDN05AD1099,lumateperone,capsule,N05AD10,lumateperone,Normal,1.0,,,
YDL01XX6999,lurbinectedin,vial,L01XX69,lurbinectedin,Normal,1.0,,,
YDV03AF0299,lyophilized dexrazoxane,vial,V03AF02,dexrazoxane,Normal,,T45.1;C00-C97;D00-D48,Antineoplastik ve immünsüpressif ilaçlar ile zehirlenme;Kanser;Kanser,KEMOTERAPİYE BAĞLI KARDİYAK TOKSİSİTEYİ ÖNLEMEDE KULLANILIR.
YDR05CB1699,mannitol,capsule,R05CB16,mannitol ,Normal,,,,
YDR05CB1698,mannitol,inhalation powder,R05CB16,mannitol ,Normal,,,,
YDA05AX0499,maralixibat,oral solution,A05AX04,maralixibat chloride ,Normal,1.0,,,
YDJ05AX1099,maribavir,tablet,J05AX10,maribavir,Normal,1.0,,,
YDH01AC0399,mecasermin,vial,H01AC03,mecasermin,Normal,,E34.3,"Boy kısalığı, 
başka yerde sınıflanmamış","LARON SENDROMU, PRİMER IGF-1 EKSİKLİĞİ"
YDB05BA0298,medium chain triglycerides,oral solution,B05BA02,fat emulsions,Normal,,E78;E88.8;E88.9,"Lipoprotein metabolizması bozuklukları
 ve diğer lipidemiler;Metabolik bozukluklar diğer tanımlanmamış;Metabolik bozukluklar, tanımlanmamış",HİPERTRİGLİSERİDEMİ TEDAVİSİNDE KULLANILIR.
YDP01BC0299,mefloquine hydrochloride,tablet,P01BC02,mefloquine,Normal,1.0,,,
YDP01CB0199,meglumine antimoniate,vial,P01CB01,meglumine antimonate,Normal,,,,
YDL01AA0399,melphalan,vial,L01AA03,melphalan,Normal,,C00-C97;D00-D48;D50-D89;Z94,Kanser;Kanser;Kan ve kan yapıcı organların hastalıkları ve immün sistemin bazı bozuklukları;Organ ve doku nakli,"1-KANSER TANISINDA ENDİKASYON ŞARTI ARANMAYACAKTIR
2-OTOLOG VEYA ALLOJENEİK HEMATOPOİETİK KÖK HÜCRE (KEMİK İLİĞİ) NAKLİ HAZIRLIK REJİMLERİNDE 
"
YDA06AH0199,methylnaltrexone bromide,vial,A06AH01,methylnaltrexone bromide,Normal,1.0,,,
YDC03BA0899,metolazone,tablet,C03BA08,metolazone ,Normal,1.0,,,
YDA16AA0799,metreleptin,vial,A16AA07,metreleptin,Normal,1.0,,,
YDV04CD0199,metyrapone,capsule,V04CD01,metyrapone,Normal,,E24,Cushing sendromu,CUSHİNG SENDROMU HASTALARININ TANI VE TEDAVİSİNDE
YDC01BB0299,mexiletine hydrochloride,capsule,C01BB02,mexiletine,Normal,,I49;I47.0;I47.2;G71.1;G71.2,"Kardiyak aritmiler, diğer;Re-entran ventriküler aritmi;Ventriküler taşikardi;Myotonik bozukluklar;Konjenital myopatiler","1-HAYATİ TEHDİT EDİCİ VENTRİKÜLER ARİTMİLERİN TEDAVİSİNDE KULLANILIR.
2-MYOTONİA KONJENİTA
3-MYOTONİK DİSTROFİ"
YDN05CD0899,midazolam,oromucosal solution,N05CD08,midazolam,Yeşil,,G41,Status epileptikus,STATUS EPİLEPTİCUS (0 - 16 YAŞ ARASI HASTALARDA ) HASTALARININ TEDAVİSİNDE
YDC01CA1799,midodrine hydrochloride,tablet,C01CA17,midodrine,Normal,,I95.1;N18 ,Ortostatik hipotansiyon;Kronik böbrek yetmezliği,"1-ORTOSTATİK HİPOTANSİYON TEDAVİSİNDE KULLANILIR.
2-KRONİK BÖBREK YETMEZLİĞİNDE DİYALİZE BAĞLI HİPOTANSİYON TEDAVİSİNDE KULLANILIR."
YDL04AA0699,mikofenolat mofetil,vial,L04AA06,mycophenolic acid,Normal,,,,
YDL01XX0999,miltefosine,capsule,L01XX09,miltefosine ,Normal,,,,
YDJ01AA0899,minocycline,"capsule, tablet",J01AA08,minocycline,Normal,,,,
YDC02DC0199,minoxidil,tablet,C02DC01,minoxidil,Normal,,R03,"Kan basıncının anormal olması, tanısı olmayan",MALİGN HİPERTANSİYON TEDAVİSİNDE KULLANILIR.
YD999999998,mirvetuximab soravtansine-gynx,vial,DSÖ tarafından  ATC kodu henüz belirlenmemiş ilaç,DSÖ tarafından  ATC kodu henüz belirlenmemiş ilaç,Normal,1.0,,,
YDL01DC0399,mitomycin (2 mg),vial,L01DC03,mitomycin,Normal,,D00-D48;H52; H17.8;H17.9;H40;H0.4;H04.5;H11.0,"Refraksiyon ve akomodasyon bozuklukları;Kornea skar ve opasiteleri, diğer;Korneada skar ve opasite, tanımlanmamış;Glokom;Lakrimal sistem 
bozuklukları;Lakrimal pasajda stenoz ve yetmezlik;Pterjiyum","AŞAĞIDA SIRALANAN GÖZE YÖNELİK CERRAHİ OPERASYONLAR SIRASINDA KULLANILIR:
1-REFRAKTİF CERRAHİ UYGULAMALARI
2-GLOKOM AMELİYATLARI
3-DAKRİYOSİSTORİKOSTOMİ AMELİYATLARI
4-PTERYGİUM AMELİYATI"
YDL01XX2399,mitotane,tablet,L01XX23,mitotane,Normal,,C74.0,Adrenal Bezin korteksinin malign neoplazmı,ADRENOKORTİKAL KARSİNOM TEDAVİSİNDE KULLANILIR.
YDL01FX2599,mosunetuzumab,vial,L01FX25,mosunetuzumab,Normal,1.0,,,
YDA11JB9999,"multivitamins (A,D,E,K) and minerals",capsule,A11JB,Vitamins with minerals,Normal,,E84,Kistik fibrozis,KİSTİK FİBROZİSLİ HASTALARIN TEDAVİSİNDE KULLANILIR.
YDA11JB9998,"multivitamins (A,D,E,K) and minerals",oral solution,A11JB,Vitamins with minerals,Normal,,E84,Kistik fibrozis,KİSTİK FİBROZİSLİ HASTALARIN TEDAVİSİNDE KULLANILIR.
YDC07AA1299,nadolol,tablet,C07AA12,nadolol,Normal,,,,
YDC04AX2199,naftidrofuryl oxalate,dragee,C04AX21,naftidrofuryl,Normal,,I73,Periferik vasküler hastalıklar diğer,PERİFERİK DAMAR HASTALIĞI (BUERGER VE RAYNAUD HASTALIĞI) TEDAVİSİNDE KULLANILIR.
YDN07BB0599,nalmefene,vial,N07BB05,nalmefene,Normal,,,,
YDV03AB1599,naloxone hydrochloride,vial,V03AB15,naloxone,Normal,1.0,,,
YDA07EA0199,natrium(prednisolon-21-succinat),vial,A07EA01,prednisolone ,Normal,,,,
YDL01FX2199,naxitamab,vial,L01FX21,naxitamab,Normal,1.0,,,
YDL01BB0799,nelarabine,vial,L01BB07,nelarabine,Normal,,,,
YDL01XE9999,neratinib maleate,tablet,L01XE,protein kinase inhibitors,Normal,1.0,,,
YDJ05AG0199,nevirapine,oral solution,J05AG01,nevirapine ,Normal,,,,
YDC01DX1699,nicorandil,tablet,C01DX16,nicorandil ,Normal,,,,
YDL01XC9998,nimotuzumab,vial,L01XC,monoclonal antibodies,Normal,,C71,Beyin Malign Neoplazmı,"PEDİYATRİK YAŞ GRUBUNDA; 1- PONS GLİOMLARINDA VİNORELBİN İLE KOMBİNE OLARAK, 2- GLİOBLASTOMA MULTİFORME'DE (GRADE 4 ASTROSİTOMLARDA) TEMOZOLOMİD'E YANIT ALINAMAYAN HASTALARDA, 3- MEDULLOBLASTOMLARIN TEDAVİSİNDE KULLANILIR."
YD999999992,nirogacestat,tablet,DSÖ tarafından  ATC kodu henüz belirlenmemiş ilaç,DSÖ tarafından  ATC kodu henüz belirlenmemiş ilaç,Normal,1.0,,,
YDP01AX1199,nitazoxanide,tablet,P01AX11,nitazoxanide,Normal,,A07.2,Kriptosporidiyoz,"İMMUNSUPRESE VEYA İMMÜN YETMEZLİKLİ HASTADA CRYTOSPORİDİUM ENFEKSİYONLARININ TEDAVİSİNDE KULLANILIR.
NOT:DAHA ÖNCE KULLANILAN ""B45.1 CEREBRAL CRYPTOCOCCOSİS"" ICD10 KODUNDA VE ICD10 ADINDA DEĞİŞİKLİK YAPILMIŞTIR. 18.07.2014 TARİHİNDEN 15.01.2016 TARİHİNE KADAR ""B45.1 CEREBRAL CRYPTOCOCCOSİS"" ICD10 KODU VE ICD10 ADI İLE DÜZENLENMİŞ OLAN SAĞLIK KURULU RAPORLARI RAPOR BİTİM TARİHİNE KADAR GEÇERLİ OLACAKTIR."
YDC08CA0899,nitrendipine,tablet,C08CA08,nitrendipine ,Normal,1.0,,,
YDC02DD0199,nitroprussid natrium,vial,C02DD01,nitroprusside,Normal,,I10;I15,Esansiyel (primer) hipertansiyon;Sekonder hipertansiyon,ETİYOLOJİSİ NE OLURSA OLSUN HİPERTANSİYON KRİZLERİ
YDA05AA0499,obeticholic acid,tablet,A05AA04,obeticholic acid,Normal,1.0,,,
YDA05AX0599,odevixibat,capsule,A05AX05,odevixibat,Normal,1.0,,,
YDA16AB2599,olipudase alfa,vial,A16AB25,olipudase alfa,Normal,1.0,,,
YDA07EC0399,olsalazine sodium,capsule,A07EC03,olsalazine,Normal,,K51,Ülseratif kolit,SULFASALAZİNİ TOLERE EDEMEYEN ÜLSERATİF KOLİT HASTALARININ TEDAVİSİNDE KULLANILIR.
YD999999997,omaveloxolone,capsule,DSÖ tarafından  ATC kodu henüz belirlenmemiş ilaç,DSÖ tarafından  ATC kodu henüz belirlenmemiş ilaç,Normal,1.0,,,
YDM09AX0999,onasemnogene abeparvovec-xioi,vial,M09AX09,onasemnogene abeparvovec,Normal,1.0,,,
YDH02CA0299,osilodrostat,tablet,H02CA02,osilodrostat,Normal,1.0,,,
YDN03AF0299,oxcarbazepine,tablet,N03AF02,oxcarbazepine,Normal,,G.40,Epilepsi,EPİLEPSİ HASTALARININ TEDAVİSİNDE KULLANILIR 
YDN06AX0199,oxitriptan,capsule,N06AX01,oxitriptan,Normal,,E70;E70.0,Aromatik amino-asit metabolizması bozuklukları;Klasik Fenilketonüri,"FENİLKETONÜRİ, BH4 EKSİKLİĞİ,THPR SENTETAZ EKSİKLİĞİ, DİHİDROPTERİDİNE REDÜKTAZ ENZİM EKSİKLİĞİ OLAN HASTALARIN TEDAVİSİNDE KULLANILIR."
YDM09AX1199,palovarotene,capsule,M09AX11,palovarotene,Normal,1.0,,,
YDA09AA0299,pancreatic enzymes,enterik tablet,A09AA02,"multienzymes
(lipase, protease 
etc.)",Normal,,E84,Kistik fibrozis,KİSTİK FİBROZİS HASTALARININ TEDAVİSİNDE KULLANILIR.
YDA07AA0699,paromomycin,"capsule, powder",A07AA06,paromomycin,Normal,,A07.2;A06,Kriptosporidiyoz;Amebiyaz,"1-KRİPTOSPORİDİYAZİS OLAN HASTALARIN TEDAVİSİNDE KULLANILIR.
2-AKUT VE KRONİK İNTESTİNAL AMEBİAZİS TEDAVİSİNDE KULLANILIR."
YDH01CB0599,pasireotide,Solution for injection (long acting release),H01CB05,pasireotide ,Normal,1.0,,,
YDN07XX1299,patisiran,vial,N07XX12,patisiran,Normal,1.0,,,
YDL01XX2499,pegaspargase,vial,L01XX24,pegaspargase,Normal,,C91.0,Akut lenfoblastik lösemi,"
AKUT LENFOBLASTİK LÖSEMİ HASTALARININ BİRİNCİ BASAMAK İNDUKSİYON TEDAVİSİNDE KULLANILIR."
YDL04AA5499,pegcetacoplan,vial,L04AA54,pegcetacoplan,Normal,1.0,,,
YDL03AB1199,peginterferon alfa-2a,vial,L03AB11, peginterferon alfa-2a ,Normal,,,,
YDA16AB1999,pegvaliase,vial,A16AB19,pegvaliase,Normal,1.0,,,
YDL01EX2099,pemigatinib,tablet,L01EX20,pemigatinib,Normal,1.0,,,
YDP01CX0199,pentamidine isethionate,inhalation solution,P01CX01,pentamidine isethionate,Normal,,B59,Pnömosistoz (J17.3*),PNEUMOCYSTİS CARİNİİ HASTALARININ TEDAVİSİNDE KULLANILIR.
YDP01CX0198,pentamidine isethionate,vial,P01CX01,pentamidine isethionate,Normal,,B59,Pnömosistoz (J17.3*),PNEUMOCYSTİS CARİNİİ HASTALARININ TEDAVİSİNDE KULLANILIR.
YDL01XX0899,pentostatin,vial,L01XX08,pentostatin,Normal,,"C83;C84.0;C91.7;C91.4;C85;C82
","Yaygın non-Hodgkin lenfoma;Mikozis Fungoides;Lenfoid lösemiler, diğer;Saçlı hücreli lösemi;Non-Hodgkin lenfoma, diğer ve tanımlanmamış tipler;Folliküler [nodüler] non-Hodgkin lenfoma","1-NON HODGKİN LENFOMA HASTALARININ TEDAVİSİNDE KULLANILIR.
2-MYCOSİS FUNGOİDES HASTALARININ TEDAVİSİNDE KULLANILIR.
3-LARGE GRANÜLER LENFOSİTİK LÖSEMİ HASTALARININ TEDAVİSİNDE KULLANILIR.
4-HAİRY CELL LÖSEMİ HASTALARININ TEDAVİSİNDE KULLANILIR."
YDN07X99999,peptide porcine brain extract (proteolytic peptid fraction derive from protein of porcine brain),vial,N07X,other nervous system drugs,Normal,,I67.8;P91.0;,Serebral İskemi;Yenidoğanda serebral iskemi,SEREBRAL İSKEMİSİ TEDAVİSİNDE
YDN03AX2299,perampanel,tablet,N03AX22,perampanel ,Normal,,,,
YDN03AA0299,phenobarbital,vial,N03AA02,phenobarbital,Yeşil,,,,
YDB01AA0499,phenprocoumon,tablet,B01AA04,phenprocoumon,Normal,,,,
YDC04AB0199,phentolamine mesylate,vial,C04AB01,phentolamine,Normal,,I15.2;D35.0,"Sekonder hipertansiyon, endokrin hastalıklara bağlı;Adrenal bez benign neoplazmı",FEOKROMASİTOMA HASTALARININ TEDAVİSİNDE KULLANILIR.
YDL01DC9999,picibanil (OK-432),vial,L01DC,other cytotoxic antibiotics,Normal,,,,
YDN05AX1799,pimavanserin,capsule,N05AX17,pimavanserin,Normal,1.0,,,
YDN07XX1199,pitolisant,tablet,N07XX11,pitolisant,Normal,,,,
YDL01DB1199,pixantrone,vial,L01DB11,pixantrone,Normal,,,,
YD999999996,plasminogen,eye drop,DSÖ tarafından  ATC kodu henüz belirlenmemiş ilaç,DSÖ tarafından  ATC kodu henüz belirlenmemiş ilaç,Mor,1.0,,,
YD999999995,"plasminogen, human-tvmh",vial,DSÖ tarafından  ATC kodu henüz belirlenmemiş ilaç,DSÖ tarafından  ATC kodu henüz belirlenmemiş ilaç,Mor,1.0,,,
YDL01XC3799,polatuzumab vedotin,vial,L01XC37,polatuzumab vedotin,Normal,,,,
YDL01XE2499,ponatinib,tablet,L01XE24,ponatinib,Normal,,,,
YDN05CM1199,potassium bromide,tablet,N05CM11,bromides ,Normal,,G40,Epilepsi,EPİLEPSİ  TEDAVİSİNDE KULLANILIR.
YDA12BA0199,potassium chloride,tablet,A12BA01,potassium chloride ,Normal,,,,
YDH03CA9999,potassium iodide,tablet,H03CA,Iodine therapy,Normal,,,,
YDG04BC9998,potassium sodium hydrogen citrate,granule,G04BC,urinary concrement solvents,Normal,,N20,Böbrek ve üreter taşı,BÖBREK VE ÜRETER TAŞI OLAN HASTALARIN TEDAVİSİNDE KULLANILIR.
YDL01BA0599,pralatrexate,vial,L01BA05,pralatrexate ,Normal,,,,
YDV03AB0499,pralidoxime,vial,V03AB04,pralidoxime,Normal,,,,
YDL01EX2399,pralsetinib,capsule,L01EX23,pralsetinib,Normal,1.0,,,
YDP02BA0199,praziquantel,tablet,P02BA01,praziquantel,Normal,,B65,Siştozomiyaz [bilharziyaz],ŞİSTOZOMİYAZİS HASTALARININ TEDAVİSİNDE KULLANILIR.
YDP01BA0399,primaquine phosphate,tablet,P01BA03,primaquine ,Normal,,,,
YDM04AB0199,probenecid,tablet,M04AB01,probenecid,Normal,,E79.0;-*,"Hiperürisemi, enflamatuvar artrit 
ve tofüs hastalığı bulgularının bulunmadığı;-*","1-HİPERÜRİSEMİ TEDAVİSİNDE KULLANILIR.
2-CİDOFOVİR KULLANILMASI GEREKEN HER DURUMDA İLAÇ TOKSİSİTESİNİ ÖNLEMEK AMACIYLA KULLANILIR*
*BU KULLANIM ŞARTININ SAĞLANDIĞININ RAPORDA BELİRTİLMESİ HALİNDE BU ŞARTA ÖZEL ICD 10 KODU ARANMAZ(BU ŞARTA SPESİFİK BİR ICD 10 KODU BULUNMAMAKTADIR)"
YDM04AB0198,probenecid,vial,M04AB01,probenecid,Normal,,E79.0;-*,"Hiperürisemi, enflamatuvar artrit 
ve tofüs hastalığı bulgularının bulunmadığı;-*","1-HİPERÜRİSEMİ TEDAVİSİNDE KULLANILIR.
2-CİDOFOVİR KULLANILMASI GEREKEN HER DURUMDA İLAÇ TOKSİSİTESİNİ ÖNLEMEK AMACIYLA KULLANILIR*
*BU KULLANIM ŞARTININ SAĞLANDIĞININ RAPORDA BELİRTİLMESİ HALİNDE BU ŞARTA ÖZEL ICD 10 KODU ARANMAZ(BU ŞARTA SPESİFİK BİR ICD 10 KODU BULUNMAMAKTADIR)"
YDL01XB0199,procarbazine hydrochloride,capsule,L01XB01,procarbazine,Normal,,C00-C97;D00-D48,Kanser;Kanser,KANSER TANISINDA ENDİKASYON ŞARTI ARANMAYACAKTIR
YDS01AX1599,propamidine isethionate,eye drop,S01AX15,propamidine ,Normal,,B60.1,Akantamoebiyaz,AKANTOMOEBA KERATİTİ TEDAVİSİNDE KULLANILIR.
YDN07AA0299,pyridostigmine bromide ,tablet,N07AA02,pyridostigmine,Normal,,G70.2,Konjenital Myastenia,"KONJENİTAL MYASTENİA HASTALARININ TEDAVİSİNDE KULLANILIR*.

*Yalnızca 10 mg'lık form için geçerli bir ICD10 Kodu ve kullanım şartıdır."
YDA11HA0299,pyridoxine (vitamin B6),vial,A11HA02,pyridoxine (vit B6),Normal,,E53.1;E72.1;E72.5,Piridoksin eksikliği;Sülfür-taşıyan amino-asit metabolizması bozuklukları;Glisin metabolizması bozuklukları,"1-PİRİDOKSAL FOSFAT EKSİKLİĞİ OLAN HASTALARIN TEDAVİSİNDE KULLANILIR. 
2-HOMOSİSTİNÜRİ OLAN HASTALARIN TEDAVİSİNDE KULLANILIR.
3-HİPEROKZALÜRİ OLAN HASTALARIN TEDAVİSİNDE KULLANILIR."
YDP01BD0199,pyrimethamine,tablet,P01BD01,pyrimethamine,Normal,,B58,Toksoplazmoz,TOXOPLASMOSİS HASTALARININ TEDAVİSİNDE KULLANILIR.
YDC01BA0199,quinidin sulphate,tablet,C01BA01,quinidine,Normal,,,,
YDP01BC0199,quinine sulphate,tablet,P01BC01,quinine,Normal,,,,"Rutin kullanımı önerilmez. 
İzin alınmaksızın kullanımı uygun bulunmamıştır."
YDL04AA0499,rabbit anti-human thymocyte immunoglobulin,vial,L04AA04,antithymocyte immunoglobulin (rabbit),Mor,1.0,,,
YDL01BA0399,raltitrexed,vial,L01BA03,raltitrexed,Normal,,,,
YDV10AX0599,rhenium (186Re) sulfide colloid,vial,V10AX05,rhenium (186Re) sulfide colloid,Normal,,,,
YDJ04BA9998,"rifampicin, dapsone and clofazimine",tablet,J04BA,drugs for treatment of lepra,Normal,1.0,,,
YDL01EX1999,ripretinib,tablet,L01EX19, ripretinib,Normal,1.0,,,
YDM09AX1099,risdiplam,oral solution,M09AX10,risdiplam,Normal,1.0,,,
YDN06DA0399,rivastigmine,transdermal therapeutic system (TTS),N06DA03,rivastigmine,Normal,,F00; F02; F03; G30,"Bunama, Alzheimer hastalığında ; Bunama, başka yerde sınıflanmış diğer hastalıklarda ; Bunama, tanımlanmamış ; Alzheimer hastalığı","1- ALZHEIMER TEDAVİSİNDE KULLANILIR. 
2- DEMANS TEDAVİSİNDE KULLANILIR. "
YDL01XX3999,romidepsin,vial,L01XX39,romidepsin,Normal,,,,
YDL03AB1599,ropeginterferon alfa-2b,vial,L03AB15,ropeginterferon alfa-2b,Normal,1.0,,,
YDL01XX5599,rucaparib,tablet,L01XX55,rucaparib,Normal,1.0,,,
YDN03AF0399,rufinamide,oral solution,N03AF03,rufinamide,Normal,,G40,Epilepsi,4 YAŞ VE ÜSTÜ ÇOCUKLARDA VE ERİŞKİNLERDE REFRAKTER EPİLEPSİ TEDAVİSİNDE KULLANILIR.
YDN03AF0398,rufinamide,tablet,N03AF03,rufinamide,Normal,,G40,Epilepsi,4 YAŞ VE ÜSTÜ ÇOCUKLARDA VE ERİŞKİNLERDE REFRAKTER EPİLEPSİ TEDAVİSİNDE KULLANILIR.
YDA16AB0699,sacrosidase,oral solution,A16AB06,sacrosidase,Normal,,,,
YDV10BX0299,samarium (153Sm) lexidronam,vial,V10BX02,samarium (153Sm) lexidronam,Normal,1.0,,,
YDL03AA0999,sargramostim,vial,L03AA09,sargramostim,Normal,,,,
YDA16AB1499,sebelipase alfa,vial,A16AB14,sebelipase alfa,Normal,1.0,,,
YDL01EX2299,selpercatinib,capsule,L01EX22,selpercatinib,Normal,1.0,,,
YDL01EE0499,selumetinib,capsule,L01EE04,selumetinib,Normal,1.0,,,
YDA08AA1299,setmelanotide,vial,A08AA12,setmelanotide,Normal,1.0,,,
YDL04AC1199,siltuximab,vial,L04AC11,siltuximab,Normal,1.0,,,
YDA16AX9998,sodium benzoate,"tablet, powder",A16AX,various alimentary tract and metabolism products,Normal,,,,
YDA16AX9996,sodium benzoate,oral solution,A16AX,various alimentary tract and metabolism products,Normal,,,,
YDA06AD6599,"sodium chloride, sodium bicarbonate, potassium chloride, macrogol",sachet,A06AD65,"macrogol, combinations",Normal,,,,
YDG01AD9999,sodium dichloroacetate,powder,G01AD,Organic acids,Normal,,E74,Karbonhidrat metabolizmasının diğer bozuklukları,KONJENİTAL LAKTİK ASİDOZ TEDAVİSİNDE KULLANILIR.
YDB05XA1499,sodium glycerophosphate,vial,B05XA14, sodium glycerophosphate ,Normal,,,,
YDA16AX9997,sodium phenylacetate and sodium benzoate,vial,A16AX,"various alimentary tract and 
metabolism products",Normal,,E72.2,Üre siklus metabolizması bozuklukları,"1-ÜRE SİKLUSUNDA KARBAMİL FOSFAT SENTETAZ, ORNİTİN TRANSKARBOMİLAZ, ARGININ SUKSINAT LİZAZ, ARGININ SUKSINAT SENTETAZ ENZİMLERİNİN EKSİKLİĞİNE BAĞLI OLARAK GELİŞEN ENSEFALOPATİLERLE BİRLİKTE KULANILIR.
2-PROTEİN KISITLAMASI, ARGİNİN DESTEĞİ, HEMODİYALİZ VE DİĞER AMONYAK DÜŞÜRÜCÜ TEDAVİ İLE BİRLİKTE -ÜRE SİKLUSUNDA KARBAMİL FOSFAT SENTETAZ, ORNİTİN TRANSKARBOMİLAZ, ARGININ SUKSINAT LİZAZ, ARGININ SUKSINAT SENTETAZ ENZİMLERİNİN EKSİKLİĞİNE BAĞLI OLARAK GELİŞEN AKUT HİPERAMONEMİK ATAKLARDA KULANILIR."
YDA16AX0399,sodium phenylbutyrate,"granule, tablet",A16AX03,sodium phenylbutyrate,Normal,,E72.2,Üre siklus metabolizması bozuklukları,"ÜRE SİKLUS BOZUKLUĞU (KARBAMİL FOSFAT SENTETAZ EKSİKLİĞİ, ORNİTİN TRANSKARBAMİLAZ EKSİKLİĞİ, ARGİNİNOSÜKSİNAT SENTETAZ EKSİKLİĞİ) OLAN HASTALARDA KULLANILIR.
NOT:ICD10 KODLARINDA ""ARJİNOSÜKSİNİK ASİDÜRİ"" TANISI İÇİN AYRICA BİR ICD10 KODU BULUNMAMAKTADIR. ICD10 KODU İNCELENDİĞİNDE ARJİNOSÜKSİNİK ASİDÜRİ TANISININ ÜRE SİKLUS BOZUKLUĞU TANISININ ALTINDA YER ALDIĞI GÖZÜKMEKTEDİR. BU NEDENLE ""ARJİNOSÜKSİNİK ASİDÜRİ"" TANISI İÇİN DE  E72.2 KODUNU İÇEREN RAPORLAR GEÇERLİDİR."
YDA12CX9999,sodium phosphate monobasic,tablet,A12CX,other mineral products,Normal,,E55.0;E83.3,"Raşitizm, aktif;Fosfor metabolizması bozuklukları(Vitamin-D resistan raşitizm)",HİPOFOSFATEMİK RAŞİTİZM TEDAVİSİNDE KULLANILIR.
YDV03AE0199,sodium polystrene sulfonate,oral suspension,V03AE01,polystrene sulfonate,Normal,1.0,,,
YDV03AB0699,sodium thiosulphate,vial,V03AB06,thiosulfate ,Normal,1.0,,,
YDJ05AP5599,sofosbuvir and velpatasvir ,tablet,J05AP55,sofosbuvir and velpatasvir ,Normal,1.0,,,
YDN06BA1499,solriamfetol,tablet,N06BA14,solriamfetol,Normal,1.0,,,
YDN03AX1799,stiripentol,"capsule, sachet",N03AX17,stiripentol,Normal,,G40,Epilepsi,"KLOBAZAM VE VALPROATIN BİRLİKTE VEYA ARDIŞIK VEYA ARALIKLI ŞEKİLDE KULLANILDIĞI TEDAVİLERLE NÖBETLERİ KONTROL ALTINA ALINAMAYAN 
1-İNFANTİL MYOKLONİK EPİLEPSİ 
2-SMEİ
3-DRAVET SENDROMU  
4-JENERALİZE TONİK-KLONİK NÖBETLERİ OLAN HASTALARDA "
YDL01AD0499,streptozocine,vial,L01AD04,streptozocin,Normal,,C25.4,"Endokrin pankreas malign 
neoplazmı",METASTATİK PANREAS NÖROENDOKRİN TÜMÖRÜ (PANKREAS ADACIK HÜCRE TÜMÖRLERİ) TEDAVİSİNDE KULLANILIR.
YDV03AB9998,succimer,capsule,V03AB,antidotes,Normal,,,,
YDJ01EC0299,sulfadiazine,tablet,J01EC02,sulfadiazine,Normal,,B58,Toksoplazmoz,TOXOPLASMOSİS HASTALARININ TEDAVİSİNDE KULLANILIR.
YDM01AB0299,sulindac,tablet,M01AB02,sulindac,Normal,,,,
YDN03AX0399,sulthiame,tablet,N03AX03,sultiame,Normal,,G40,Epilepsi,FOKAL EPİLEPSİLER VE ÇOCUKLUK ÇAĞI BENİNG PARSİYEL EPİLEPSİLERİN TEDAVİSİNDE KULLANILIR.
YDM03AB0199,suxamethonium chloride,vial,M03AB01,suxamethonium ,Normal,1.0,,,
YDN07XX0899,tafamidis (as meglumine),capsule,N07XX08,tafamidis,Normal,,,,
YDL01XX6799,tagraxofusp,vial,L01XX67,tagraxofusp,Normal,1.0,,,
YDL01XX7299,tazemetostat,tablet,L01XX72,tazemetostat,Normal,1.0,,,
YDL01XX7599,tebentafusp,vial,L01XX75,tebentafusp ,Normal,1.0,,,
YDV09DA0499,technetium (99mTc) mebrofenin ,vial,V09DA04,technetium (99mTc) mebrofenin ,Normal,,,,
YDA16AX0899,teduglutide,vial,A16AX08,teduglutide,Normal,,,,
YDN07XX0699,tetrabenazine,tablet,N07XX06,tetrabenazine,Normal,,"G10;G24.0;G24.1;G24.2;G24.3;G24,4;G24.5;G24.8;G24.9;G26","Huntington hastalığı(Huntington koresi);Distoni, ilaca bağlı;İdiopatik ailesel distoni;İdiopatik ailesel olmayan distoni;Spazmodik tortikolis;İdiopatik orofasyal distoni;Blefarospazm;Distoni, diğer;Distoni, tanımlanmamış (Diskinezi BŞT);Ekstrapiramidal bozukluklar ve hareket bozuklukları, başka yerde sınıflanmamış hastalıklarda","1-TARDİF DİSKİNEZİ TEDAVİSİNDE KULLANILIR.
2-HUNTİNGTON KOREASI TEDAVİSİNDE KULLANILIR.
3-DİSTONİ"
YDH01AA0298,"tetracosactide (0,25 mg)",vial,H01AA02,tetracosactide,Normal,,E27;E25,Adrenal bezin diğer bozuklukları;Adrenogenital bozukluklar,ADRENOKORTİKAL YETERSİZLİĞİN ARAŞTIRILMASINDA TEŞHİS AMAÇLI KULLANILIR.
YDH01AA0299,tetracosactide (1 mg),vial,H01AA02,tetracosactide,Normal,,G.35;L.10; L.40; K.51; K.50; E.27; E.25; G40.4,Multipl skleroz; Pemfigus;  Psoriazis; Ülseratif kolit; Crohn (Bölgesel enterit); Adrenal bezin diğer bozuklukları;Adrenogenital bozukluklar; Diğer jeneralize epilepsi ve epileptik sendromlar,"1-MULTIPL SKLEROZLU HASTALARDAKİ AKUT ALEVLENMELER
2-WEST SENDROMU VEYA ANTİEPİLEPTİKLERE CEVAP VERMEYEN EPİLEPTİK ENSEFALOPATİLERDE
3-GLUKOKORTİKOİDLERİN NORMAL OLARAK ENDİKE OLDUKLARI DURUMLARIN KISA SÜRELİ TEDAVİSİNDE; ORAL GLUKOKORTİKOİDLERE ZAYIF GASTROİNTESTİNAL TOLERANS GÖSTEREN HASTALARDA; NORMAL DOZDA VERİLEN GLUKOKORTİKOİDLERE YETERLİ CEVABIN ALINAMADIĞI HALLERDE.
 4-GLUKOKORTİKOİDLERE CEVAP VEREN DERİ HASTALIKLARININ UZUN SÜRELİ TEDAVİLERİ.
 5-ÜLSERATİF KOLİT, BÖLGESEL ENTERİT
 6-KEMOTERAPİNİN TOLERABİTESİNİ ARTIRMAK İÇİN YARDIMCI TEDAVİ OLARAK KULLANILIR.
 7-ADRENOKORTİKAL YETERSİZLİĞİN ARAŞTIRILMASINDA TEŞHİS AMAÇLI KULLANILIR."
YDN02BG1098,tetrahydrocannabinol and cannabidiol,oromucosal spray,N02BG10,cannabinoids ,Kırmızı,1.0,,,
YDA11DA0199,thiamin (vitamin B1),vial,A11DA01,thiamine (vit B1),Normal,,E71.0,Maple-şurup-idrar hastalığı,MAPLE ŞURUP (AKÇAAĞAÇ ŞURUBU) İDRAR HASTALIĞI OLAN HASTALARIN TEDAVİSİNDE KULLANILIR.
YDL01AC0199,thiotepa,vial,L01AC01,thiotepa,Normal,,,,MERKEZİ SİNİR SİSTEMİNİ TUTAN NON-HODGKİN LENFOMA TANILI HASTALARIN BİRİNCİ BASAMAK TEDAVİSİNDE 4 KÜRE KADAR KULLANILIR.
YDG04BC9997,tiopronin,tablet,G04BC,urinary concrement solvents,Normal,,E72.0,Amino-asit taşıma bozuklukları,SİSTİNÜRİ TEDAVİSİNDE KULLANILIR.
YDH03AA0499,tiratricol,capsule,H03AA04,tiratricol,Normal,,"E07.9;E03,8;E03.9;E23.7","Tiroid bozuklukları, tanımlanmamış;Hipotroidizm tanımlanmış, diğer;Hipotroidizm, tanımlanmamış;Hipofiz bezinin bozuklukları, tanımlanmamış",HİPOFİZ TİROİD HORMON REZİSTANSINDA KULLANILIR.
YDV04CJ0199,tirotropin alfa,vial,V04CJ01,thyrotropin,Normal,,C73,Tiroid bez malign neoplazmı,TİROİD MALİGN NEOPLAZMI OLAN HASTALARIN TANISINDA KULLANILIR.
YDL01FX2399,tisotumab vedotin,vial,L01FX23,tisotumab vedotin,Normal,1.0,,,
YDC03CA0499,torasemide,tablet,C03CA04,torasemide,Normal,,,,
YDB01AC2198,treprostinil sodium,inhalation solution,B01AC21,treprostinil ,Normal,1.0,,,
YDL01XX1499,tretinoin,capsule,L01XX14,tretinoin,Normal,,C92.4,Akut promiyelositik lösemi,"AKUT PROMİYELOSİTİK LÖSEMİDE (APL; FAB SINIFLAMASINDA AML-M3) REMİSYON İNDÜKSİYONUNDA KULLANILIR.
1)45MG/M2/GÜN DOZUNDA REMİSYONA KADAR, KULLANILIR (EN AZ 3 AYA- EN FAZLA 6 AYA KADAR). 
2)REMİSYON SONRASI KONSOLİDASYON VE İDAME TEDAVİDE 45MG/M2/GÜN DOZUNDA PROTOKOLE GÖRE AYDA/ 2 AYDA/ 3 AYDA 1; 15 GÜN-2 YILA KADAR KULLANILIR
"
YDC01DA5299,triacylglycerol forms of oleic acid and eruric acid,oral solution,C01DA52,"glyceryl trinitrate, combinations",Normal,,E27.0-E27.4;E71.3,Adrenal yetmezliği ;Yağ-asidi metabolizması bozuklukları,"ADRENOLÖKÖDİSTROFİ, ADRENOKORTİKAL YETMEZLİK HASTALARININ TEDAVİSİNDE KULLANILIR."
YDP02BX0499,"triclabendazole
",tablet,P02BX04,triclabendazole,Normal,,"B66.3
",Fasioliyaz,FASCİOLASİS HASTALARININ TEDAVİSİNDE KULLANILIR.
YDL01BC5999,trifluridine and tipiracil,tablet,L01BC59,"trifluridine, combinations ",Normal,,,,
YDA16AX1799,triheptanoin,oral liquid,A16AX17,triheptanoin,Normal,1.0,,,
YDN04AA0199,trihexyphenidyl hydrochloride,tablet,N04AA01,trihexyphenidyl,Yeşil,,G20;G21;G22;G24.0;G25.1;G25.3;G25.4;G25.6;G24,"Parkinson hastalığı;
Sekonder parkinsonizm;Parkinsonizm, başka yerde sınıflanmış hastalıklarda;Distoni, ilaca bağlı;Tremor, ilaca bağlı;İlaca bağlı miyoklonus;Kore, ilaca bağlı;Distoni","1-PARKİNSON TEDAVİSİNDE KULLANILIR.
2-NÖROLEPTİK İLAÇ KULLANIMINA BAĞLI EKSTRAPİRAMİDAL BOZUKLUKLAR (TARDİV DİSKİNEZİ HARİÇ) TEDAVİSİNDE KULLANILIR.
3-DİSTONİ"
YDS01AA2099,trimetoprim + polimiksin b sülfat,eye drop,S01AA20, antibiotics in combination with other drugs,Normal,,,,
YD999999994,trofinetide,oral solution,DSÖ tarafından  ATC kodu henüz belirlenmemiş ilaç,DSÖ tarafından  ATC kodu henüz belirlenmemiş ilaç,Normal,1.0,,,
YDL01EH0399,tucatinib,tablet,L01EH03,tucatinib,Normal,1.0,,,
YDN07XX1399,valbenazine,capsule,N07XX13,valbenazine,Normal,1.0,,,
YDL01XE1299,vandetanib,tablet,L01XE12,vandetanib,Normal,,,,
YDN07BC9999,vanoxerin,vial,N07BC,drugs used in opioid dependence,Normal,,,,
YDH01BA0199,vasopressin,vial,H01BA01,vasopressin,Normal,1.0,,,
YDA16AB1599,velmanase alfa,vial,A16AB15,velmanase alfa,Normal,1.0,,,
YDC01DX2299,vericiguat,tablet,C01DX22,vericiguat,Normal,1.0,,,
YDS01LA0199,verteporfin,vial,S01LA01,verteporfin ,Normal,1.0,,,
YDA16AB1899,vestronidase alfa,vial,A16AB18,vestronidase alfa ,Normal,1.0,,,
YDL01CA0399,vindesinsulfate,vial,L01CA03,vindesine,Normal,,,,
YDL01XX3899,vorinostat,capsule,L01XX38,vorinostat ,Normal,,,,
YDM05BX0799,vosoritide,vial,M05BX07,vosoritide,Normal,1.0,,,
YDB01AA0399,warfarin sodium,oral suspension,B01AA03,warfarin,Normal,1.0,,,
YDB01AA0398,warfarin sodium,tablet,B01AA03,warfarin,Normal,,Z79.8;I82;Z95.2;Z95;4,"Profilaktik tedaviler diğer;Diğer venöz emboliler ve trombozlar;Kalp kapağı protezi;Kalp-kapak değişimleri, diğer","1-KARDİAK VALF REPLASMANINDA
2-VENÖZ EMBOLİ VE TROMBOZ TANISI OLAN HASTALARDA KULLANILIR."
YDV10AA0199,yttrium (90Y) citrate colloid,vial,V10AA01,yttrium (90Y) citrate colloid,Normal,,,,
YDL01EL0399,zanubrutinib,capsule,L01EL03,zanubrutinib,Normal,1.0,,,
YDN05CF0299,zolpidem tartrate,tablet,N05CF02,zolpidem,Yeşil,1.0,,,
YDV06DD9999,"α-ketoisoleucine calcium salt, α-ketoleucine calcium salt, α-ketophenylalanine calcium salt, α-ketovaline calcium salt, α-hydroxymethionine calcium salt, lysine acetate, threonine, tryptophan, histidine, tyrosine",tablet,V06DD,"Amino acids, incl. combinations with polypeptides",Normal,,,,
"*G sütununda ""1"" bulunan etkin maddeleri içeren ilaçlar, Kurumumuzdan alınacak yurt dışı ilaç kullanım onayı ile temin edilebilmektedir. ",,,,,,,,,
